-- MySQL dump 10.13  Distrib 5.7.21, for Linux (x86_64)
--
-- Host: localhost    Database: jihuatong
-- ------------------------------------------------------
-- Server version	5.7.21-0ubuntu0.16.04.1

/*!40101 SET @OLD_CHARACTER_SET_CLIENT=@@CHARACTER_SET_CLIENT */;
/*!40101 SET @OLD_CHARACTER_SET_RESULTS=@@CHARACTER_SET_RESULTS */;
/*!40101 SET @OLD_COLLATION_CONNECTION=@@COLLATION_CONNECTION */;
/*!40101 SET NAMES utf8 */;
/*!40103 SET @OLD_TIME_ZONE=@@TIME_ZONE */;
/*!40103 SET TIME_ZONE='+00:00' */;
/*!40014 SET @OLD_UNIQUE_CHECKS=@@UNIQUE_CHECKS, UNIQUE_CHECKS=0 */;
/*!40014 SET @OLD_FOREIGN_KEY_CHECKS=@@FOREIGN_KEY_CHECKS, FOREIGN_KEY_CHECKS=0 */;
/*!40101 SET @OLD_SQL_MODE=@@SQL_MODE, SQL_MODE='NO_AUTO_VALUE_ON_ZERO' */;
/*!40111 SET @OLD_SQL_NOTES=@@SQL_NOTES, SQL_NOTES=0 */;

--
-- Table structure for table `loginlog`
--

DROP TABLE IF EXISTS `loginlog`;
/*!40101 SET @saved_cs_client     = @@character_set_client */;
/*!40101 SET character_set_client = utf8 */;
CREATE TABLE `loginlog` (
  `id` int(11) NOT NULL AUTO_INCREMENT,
  `time` datetime NOT NULL,
  `ip` varchar(46) COLLATE utf8_bin NOT NULL,
  `position` varchar(100) COLLATE utf8_bin NOT NULL,
  PRIMARY KEY (`id`)
) ENGINE=InnoDB AUTO_INCREMENT=74 DEFAULT CHARSET=utf8 COLLATE=utf8_bin;
/*!40101 SET character_set_client = @saved_cs_client */;

--
-- Dumping data for table `loginlog`
--

LOCK TABLES `loginlog` WRITE;
/*!40000 ALTER TABLE `loginlog` DISABLE KEYS */;
INSERT INTO `loginlog` VALUES (13,'2018-03-21 13:01:18','110.87.98.82','中国--福建-厦门'),(14,'2018-03-21 19:37:59','113.88.96.221','中国--广东-深圳'),(15,'2018-03-22 15:36:12','210.22.27.2','中国--广东-深圳'),(16,'2018-03-22 19:43:21','119.123.79.232','中国--广东-深圳'),(17,'2018-03-23 00:48:12','119.123.76.162','中国--广东-深圳'),(18,'2018-03-23 14:30:39','223.104.177.85','中国--辽宁-大连'),(19,'2018-03-23 14:30:49','218.17.194.211','中国--广东-深圳'),(20,'2018-03-23 16:37:20','49.95.6.198','中国--江苏-无锡'),(21,'2018-03-24 15:42:48','210.22.27.2','中国--广东-深圳'),(22,'2018-03-24 15:42:55','210.22.27.2','中国--广东-深圳'),(23,'2018-03-24 15:43:00','210.22.27.2','中国--广东-深圳'),(24,'2018-03-24 15:43:10','218.17.194.211','中国--广东-深圳'),(25,'2018-03-24 15:44:05','210.22.27.2','中国--广东-深圳'),(26,'2018-03-24 15:51:18','119.123.77.2','中国--广东-深圳'),(27,'2018-03-24 15:56:31','218.17.194.212','中国--广东-深圳'),(28,'2018-03-24 16:10:25','140.243.159.71','中国--福建-福州'),(29,'2018-03-24 16:11:47','139.214.246.149','中国--吉林-长春'),(30,'2018-03-24 16:12:11','140.243.159.71','中国--福建-福州'),(31,'2018-03-24 16:14:50','58.60.1.60','中国--广东-深圳'),(32,'2018-03-24 16:16:49','218.17.194.211','中国--广东-深圳'),(33,'2018-03-24 16:17:08','218.17.194.211','中国--广东-深圳'),(34,'2018-03-24 16:20:05','210.22.27.2','中国--广东-深圳'),(35,'2018-03-24 16:20:48','218.17.194.211','中国--广东-深圳'),(36,'2018-03-24 16:27:16','218.17.194.211','中国--广东-深圳'),(37,'2018-03-24 16:36:10','119.123.77.2','中国--广东-深圳'),(38,'2018-03-24 16:37:00','119.123.77.2','中国--广东-深圳'),(39,'2018-03-25 15:35:58','223.104.63.182','中国--广东-深圳'),(40,'2018-03-31 11:37:40','106.122.189.115','中国--福建-厦门'),(41,'2018-04-09 14:01:17','219.133.170.76','中国--广东-深圳'),(42,'2018-04-10 16:13:09','14.17.22.36','中国--广东-深圳'),(43,'2018-04-11 15:20:36','219.133.170.76','中国--广东-深圳'),(44,'2018-04-12 12:13:09','119.123.78.117','中国--广东-深圳'),(45,'2018-04-18 22:49:53','183.15.245.33','中国--广东-深圳'),(46,'2018-04-20 17:39:29','121.35.102.156','中国--广东-深圳'),(47,'2018-04-20 17:42:25','121.35.102.119','中国--广东-深圳'),(48,'2018-04-23 16:00:36','183.62.230.118','中国--广东-深圳'),(49,'2018-04-24 09:07:31','113.87.12.18','中国--广东-深圳'),(50,'2018-04-24 09:26:43','113.88.37.207','中国--广东-深圳'),(51,'2018-04-24 14:24:20','119.123.31.245','中国--广东-深圳'),(52,'2018-04-25 14:34:50','113.116.20.60','中国--广东-深圳'),(53,'2018-04-25 14:37:06','113.116.20.60','中国--广东-深圳'),(54,'2018-05-04 11:12:19','121.35.244.67','中国--广东-深圳'),(55,'2018-05-23 09:22:04','59.40.182.169','中国--广东-深圳'),(56,'2018-06-05 17:19:29','210.21.232.104','中国--广东-深圳'),(57,'2018-07-10 10:42:58','116.24.67.53','中国--广东-深圳'),(58,'2018-07-20 14:28:30','116.24.64.13','中国--广东-深圳'),(59,'2018-07-30 15:52:19','219.133.101.186','中国--广东-深圳'),(60,'2018-07-30 15:53:21','219.133.101.186','中国--广东-深圳'),(61,'2018-07-30 15:53:36','183.39.159.180','中国--广东-深圳'),(62,'2018-07-30 15:55:57','116.24.67.87','中国--广东-深圳'),(63,'2018-08-21 15:38:33','61.141.65.134','中国--广东-深圳'),(64,'2018-08-21 15:41:59','61.141.65.134','中国--广东-深圳'),(65,'2018-09-21 10:25:32','113.116.115.77','中国--广东-深圳'),(66,'2018-10-30 23:28:16','14.155.115.249','中国--广东-深圳'),(67,'2018-11-06 11:36:25','116.24.65.89','中国--广东-深圳'),(68,'2018-11-06 11:40:09','14.16.147.220','中国--广东-深圳'),(69,'2018-11-12 11:49:26','116.24.66.24','中国--广东-深圳'),(70,'2018-11-22 15:58:14','61.141.64.232','中国--广东-深圳'),(71,'2018-11-23 14:59:35','183.15.176.46','中国--广东-深圳'),(72,'2018-11-23 14:59:38','61.141.64.232','中国--广东-深圳'),(73,'2018-11-24 23:40:45','14.155.115.186','中国--广东-深圳');
/*!40000 ALTER TABLE `loginlog` ENABLE KEYS */;
UNLOCK TABLES;

--
-- Table structure for table `todo`
--

DROP TABLE IF EXISTS `todo`;
/*!40101 SET @saved_cs_client     = @@character_set_client */;
/*!40101 SET character_set_client = utf8 */;
CREATE TABLE `todo` (
  `id` int(11) NOT NULL AUTO_INCREMENT,
  `orderkey` int(11) NOT NULL,
  `user_id` int(11) NOT NULL,
  `title` varchar(100) COLLATE utf8_bin NOT NULL,
  `status` varchar(30) COLLATE utf8_bin NOT NULL,
  `create_time` datetime NOT NULL,
  `alert_time` datetime NOT NULL,
  PRIMARY KEY (`id`)
) ENGINE=InnoDB AUTO_INCREMENT=220 DEFAULT CHARSET=utf8 COLLATE=utf8_bin;
/*!40101 SET character_set_client = @saved_cs_client */;

--
-- Dumping data for table `todo`
--

LOCK TABLES `todo` WRITE;
/*!40000 ALTER TABLE `todo` DISABLE KEYS */;
INSERT INTO `todo` VALUES (14,17,1,'我要联系站长~','UNI','2018-03-16 21:34:28','2018-03-17 00:34:28'),(15,20,1,'等不及了','postpone','2018-03-16 21:34:48','2018-03-17 00:34:48'),(16,16,1,'点击下方关于我吧','UNI','2018-03-16 21:35:02','2018-03-17 00:35:02'),(17,197,1,'这个嘛','done','2018-03-22 19:47:09','2018-03-22 22:47:09'),(22,23,3,'1323','delete','2018-03-24 15:30:56','2018-03-24 18:30:56'),(23,22,3,'31221312','done','2018-03-24 15:31:08','2018-03-24 18:31:08'),(24,25,2,'\n','pending','2018-03-24 15:31:56','2018-03-24 18:31:56'),(25,190,2,'\n','pending','2018-03-24 15:31:57','2018-03-24 18:31:57'),(26,26,2,'\n','pending','2018-03-24 15:32:06','2018-03-24 18:32:06'),(27,27,2,'\n','pending','2018-03-24 15:32:07','2018-03-24 18:32:07'),(28,28,4,'111','done','2018-03-24 15:42:48','2018-03-24 18:42:48'),(29,29,4,'2222','done','2018-03-24 15:42:56','2018-03-24 18:42:56'),(30,18,1,'清清浅浅','done','2018-03-24 15:43:46','2018-03-24 18:43:46'),(31,32,5,'很棒','UI','2018-03-24 15:43:56','2018-03-24 18:43:56'),(32,31,5,'\"\"','UI','2018-03-24 15:44:06','2018-03-24 18:44:06'),(33,34,6,'wqewqewqeqwe','done','2018-03-24 15:44:09','2018-03-24 18:44:09'),(34,34,7,'运动','done','2018-03-24 15:44:12','2018-03-24 18:44:12'),(35,35,7,'','done','2018-03-24 15:44:53','2018-03-24 18:44:53'),(36,39,6,'weqeqw','done','2018-03-24 15:45:10','2018-03-24 18:45:10'),(37,38,7,'','pending','2018-03-24 15:45:13','2018-03-24 18:45:13'),(38,39,7,'','pending','2018-03-24 15:45:46','2018-03-24 18:45:46'),(39,38,6,'null','done','2018-03-24 15:45:46','2018-03-24 18:45:46'),(40,39,6,'本周 - 周报\n一、新收费系统\n1、早会\n2、禅道Bug验证\n3、IPD会议\n4、早会\n5、禅道Bug验证\n6、正式环境收款汇总表问题排查\n7、解答开发测试Bug上的问题\n8、更新违约金测试场景\n9、','','2018-03-24 15:46:01','2018-03-24 18:46:01'),(41,42,7,'','UI','2018-03-24 15:46:21','2018-03-24 18:46:21'),(42,65,6,'本周 - 周报\n一、新收费系统\n1、早会\n2、禅道Bug验证\n3、IPD会议\n4、早会\n5、禅道Bug验证\n6、正式环境收款汇总表问题排查\n7、解答开发测试Bug上的问题\n8、更新违约金测试场景\n9、','pending','2018-03-24 15:46:23','2018-03-24 18:46:23'),(43,43,7,'吃饭','postpone','2018-03-24 15:46:39','2018-03-24 18:46:39'),(44,41,7,'看书','UI','2018-03-24 15:47:11','2018-03-24 18:47:11'),(45,37,7,'还好','pending','2018-03-24 15:47:43','2018-03-24 18:47:43'),(46,46,7,'','pending','2018-03-24 15:47:50','2018-03-24 18:47:50'),(47,47,7,'','pending','2018-03-24 15:47:53','2018-03-24 18:47:53'),(48,48,7,'','INU','2018-03-24 15:48:26','2018-03-24 18:48:26'),(49,49,5,'啦啦啦','done','2018-03-24 15:49:02','2018-03-24 18:49:02'),(50,56,5,'select 1 from user;','done','2018-03-24 15:49:47','2018-03-24 18:49:47'),(51,53,5,'select 1 from user;','pending','2018-03-24 15:50:00','2018-03-24 18:50:00'),(52,58,5,'select 1 from user;','pending','2018-03-24 15:50:12','2018-03-24 18:50:12'),(53,52,6,'32131','pending','2018-03-24 15:50:30','2018-03-24 18:50:30'),(54,53,6,'2321321','pending','2018-03-24 15:50:35','2018-03-24 18:50:35'),(55,54,6,'21312','pending','2018-03-24 15:50:38','2018-03-24 18:50:38'),(56,50,5,'slrsr','postpone','2018-03-24 15:50:42','2018-03-24 18:50:42'),(57,56,6,'2313werwr\\ee','pending','2018-03-24 15:50:43','2018-03-24 18:50:43'),(58,52,5,'serwv','pending','2018-03-24 15:50:47','2018-03-24 18:50:47'),(59,61,6,'312wewqqwewqe','pending','2018-03-24 15:50:48','2018-03-24 18:50:48'),(60,58,6,'231eeqweqweqw','pending','2018-03-24 15:50:52','2018-03-24 18:50:52'),(61,59,6,'31232131s32','pending','2018-03-24 15:51:03','2018-03-24 18:51:03'),(62,60,6,'dewrehfgwdjhagsdhasd','pending','2018-03-24 15:51:09','2018-03-24 18:51:09'),(63,62,6,'1233uu2yo3','pending','2018-03-24 15:51:15','2018-03-24 18:51:15'),(64,63,6,'213213231ewqe','pending','2018-03-24 15:51:30','2018-03-24 18:51:30'),(65,64,6,'123123232','pending','2018-03-24 15:51:35','2018-03-24 18:51:35'),(66,40,6,'3iy42h4v23 4','pending','2018-03-24 15:52:00','2018-03-24 18:52:00'),(67,67,6,'43242t3y4h32 t43bsx','pending','2018-03-24 15:52:09','2018-03-24 18:52:09'),(68,68,6,'324u3i4','pending','2018-03-24 15:53:11','2018-03-24 18:53:11'),(69,69,6,'3243423','pending','2018-03-24 15:53:15','2018-03-24 18:53:15'),(70,70,6,'4324234','pending','2018-03-24 15:53:19','2018-03-24 18:53:19'),(71,71,6,'324324234','pending','2018-03-24 15:53:23','2018-03-24 18:53:23'),(72,72,6,'\n342343243','pending','2018-03-24 15:53:25','2018-03-24 18:53:25'),(73,73,6,'\n2 ','pending','2018-03-24 15:53:25','2018-03-24 18:53:25'),(74,74,6,'\n3432 32','pending','2018-03-24 15:53:26','2018-03-24 18:53:26'),(75,75,6,'\n\'','pending','2018-03-24 15:53:27','2018-03-24 18:53:27'),(76,76,6,'\n32','pending','2018-03-24 15:53:27','2018-03-24 18:53:27'),(77,77,6,'\n','pending','2018-03-24 15:53:27','2018-03-24 18:53:27'),(78,78,6,'\n32','pending','2018-03-24 15:53:27','2018-03-24 18:53:27'),(79,79,6,'\n4','pending','2018-03-24 15:53:28','2018-03-24 18:53:28'),(80,80,6,'\n4','pending','2018-03-24 15:53:28','2018-03-24 18:53:28'),(81,81,6,'\n23','done','2018-03-24 15:53:28','2018-03-24 18:53:28'),(82,82,6,'\n4','done','2018-03-24 15:53:28','2018-03-24 18:53:28'),(83,83,6,'\n23','done','2018-03-24 15:53:28','2018-03-24 18:53:28'),(84,84,6,'\n4','done','2018-03-24 15:53:28','2018-03-24 18:53:28'),(85,85,6,'\n32','done','2018-03-24 15:53:29','2018-03-24 18:53:29'),(86,86,6,'\n43','pending','2018-03-24 15:53:29','2018-03-24 18:53:29'),(87,87,6,'\n2','pending','2018-03-24 15:53:31','2018-03-24 18:53:31'),(88,88,6,'\n','pending','2018-03-24 15:53:31','2018-03-24 18:53:31'),(89,89,6,'\n32','pending','2018-03-24 15:53:31','2018-03-24 18:53:31'),(90,90,6,'\n4','pending','2018-03-24 15:53:31','2018-03-24 18:53:31'),(91,91,6,'\n234','pending','2018-03-24 15:53:31','2018-03-24 18:53:31'),(92,92,6,'\n23','pending','2018-03-24 15:53:31','2018-03-24 18:53:31'),(93,93,6,'\n4','pending','2018-03-24 15:53:31','2018-03-24 18:53:31'),(94,94,6,'\n23','pending','2018-03-24 15:53:32','2018-03-24 18:53:32'),(95,95,6,'\n4','pending','2018-03-24 15:53:32','2018-03-24 18:53:32'),(96,96,6,'\n324','pending','2018-03-24 15:53:32','2018-03-24 18:53:32'),(97,97,6,'\n32','pending','2018-03-24 15:53:32','2018-03-24 18:53:32'),(98,98,6,'\n4','pending','2018-03-24 15:53:32','2018-03-24 18:53:32'),(99,99,6,'\n324','pending','2018-03-24 15:53:32','2018-03-24 18:53:32'),(100,100,6,'\n3','pending','2018-03-24 15:53:32','2018-03-24 18:53:32'),(101,101,6,'\n4','pending','2018-03-24 15:53:32','2018-03-24 18:53:32'),(102,102,6,'\n324','pending','2018-03-24 15:53:33','2018-03-24 18:53:33'),(103,103,6,'\n3','pending','2018-03-24 15:53:35','2018-03-24 18:53:35'),(104,104,6,'\n4','pending','2018-03-24 15:53:35','2018-03-24 18:53:35'),(105,105,6,'\n','pending','2018-03-24 15:53:35','2018-03-24 18:53:35'),(106,106,6,'\n3','pending','2018-03-24 15:53:35','2018-03-24 18:53:35'),(107,107,6,'\n','pending','2018-03-24 15:53:35','2018-03-24 18:53:35'),(108,108,6,'\n43','pending','2018-03-24 15:53:41','2018-03-24 18:53:41'),(109,109,6,'\n34','pending','2018-03-24 15:53:41','2018-03-24 18:53:41'),(110,110,6,'\nf','pending','2018-03-24 15:53:41','2018-03-24 18:53:41'),(111,111,6,'\ns','pending','2018-03-24 15:53:41','2018-03-24 18:53:41'),(112,112,6,'\nfds','pending','2018-03-24 15:53:41','2018-03-24 18:53:41'),(113,113,6,'\n','pending','2018-03-24 15:53:41','2018-03-24 18:53:41'),(114,114,6,'\nf','pending','2018-03-24 15:53:41','2018-03-24 18:53:41'),(115,115,6,'\n','pending','2018-03-24 15:53:42','2018-03-24 18:53:42'),(116,116,6,'\nfd','pending','2018-03-24 15:53:42','2018-03-24 18:53:42'),(117,117,6,'\n','pending','2018-03-24 15:53:42','2018-03-24 18:53:42'),(118,118,6,'\nfd','pending','2018-03-24 15:53:42','2018-03-24 18:53:42'),(119,119,6,'\nfds','pending','2018-03-24 15:53:42','2018-03-24 18:53:42'),(120,120,6,'\nfds','pending','2018-03-24 15:53:43','2018-03-24 18:53:43'),(121,121,6,'\n','pending','2018-03-24 15:53:43','2018-03-24 18:53:43'),(122,122,6,'\nds','pending','2018-03-24 15:53:43','2018-03-24 18:53:43'),(123,123,6,'\nf','pending','2018-03-24 15:53:43','2018-03-24 18:53:43'),(124,124,6,'\nsd','pending','2018-03-24 15:53:43','2018-03-24 18:53:43'),(125,125,6,'\nf','pending','2018-03-24 15:53:43','2018-03-24 18:53:43'),(126,126,6,'\nd','pending','2018-03-24 15:53:44','2018-03-24 18:53:44'),(127,127,6,'\nfd','pending','2018-03-24 15:53:44','2018-03-24 18:53:44'),(128,128,6,'\nsf','pending','2018-03-24 15:53:44','2018-03-24 18:53:44'),(129,129,6,'\ns','pending','2018-03-24 15:53:44','2018-03-24 18:53:44'),(130,130,6,'\nf','pending','2018-03-24 15:53:45','2018-03-24 18:53:45'),(131,131,6,'\nds','pending','2018-03-24 15:53:45','2018-03-24 18:53:45'),(132,132,6,'\nfd','pending','2018-03-24 15:53:45','2018-03-24 18:53:45'),(133,133,6,'\ns','pending','2018-03-24 15:53:45','2018-03-24 18:53:45'),(134,134,6,'\nsdf','pending','2018-03-24 15:53:45','2018-03-24 18:53:45'),(135,135,6,'\nds','pending','2018-03-24 15:53:45','2018-03-24 18:53:45'),(136,136,6,'\nf','pending','2018-03-24 15:53:45','2018-03-24 18:53:45'),(137,137,6,'\nds','pending','2018-03-24 15:53:46','2018-03-24 18:53:46'),(138,138,6,'\nf','pending','2018-03-24 15:53:46','2018-03-24 18:53:46'),(139,139,6,'\nds','pending','2018-03-24 15:53:46','2018-03-24 18:53:46'),(140,140,6,'\nfd','pending','2018-03-24 15:53:46','2018-03-24 18:53:46'),(141,141,6,'\nsf','pending','2018-03-24 15:53:46','2018-03-24 18:53:46'),(142,142,6,'\nf','pending','2018-03-24 15:53:47','2018-03-24 18:53:47'),(143,143,6,'\ns','pending','2018-03-24 15:53:47','2018-03-24 18:53:47'),(144,144,6,'\nf','pending','2018-03-24 15:53:47','2018-03-24 18:53:47'),(145,145,6,'\nf','pending','2018-03-24 15:53:47','2018-03-24 18:53:47'),(146,146,6,'\ns','pending','2018-03-24 15:53:48','2018-03-24 18:53:48'),(147,147,6,'\nfsd','pending','2018-03-24 15:53:48','2018-03-24 18:53:48'),(148,148,6,'\nfd','pending','2018-03-24 15:53:48','2018-03-24 18:53:48'),(149,149,6,'\nf','pending','2018-03-24 15:53:48','2018-03-24 18:53:48'),(150,150,6,'\nd','pending','2018-03-24 15:53:48','2018-03-24 18:53:48'),(151,151,6,'\nfd','pending','2018-03-24 15:53:48','2018-03-24 18:53:48'),(152,152,6,'\nf','pending','2018-03-24 15:53:48','2018-03-24 18:53:48'),(153,153,6,'\nd','pending','2018-03-24 15:53:48','2018-03-24 18:53:48'),(154,154,6,'\nf','pending','2018-03-24 15:53:49','2018-03-24 18:53:49'),(155,155,6,'\ndsf','pending','2018-03-24 15:53:50','2018-03-24 18:53:50'),(156,156,6,'\nds','pending','2018-03-24 15:53:50','2018-03-24 18:53:50'),(157,157,6,'\nf','pending','2018-03-24 15:53:50','2018-03-24 18:53:50'),(158,158,6,'\nds','pending','2018-03-24 15:53:50','2018-03-24 18:53:50'),(159,159,6,'\nf','pending','2018-03-24 15:53:51','2018-03-24 18:53:51'),(160,160,6,'\nd','pending','2018-03-24 15:53:51','2018-03-24 18:53:51'),(161,161,6,'\n','pending','2018-03-24 15:53:51','2018-03-24 18:53:51'),(162,162,6,'\nfds','pending','2018-03-24 15:53:51','2018-03-24 18:53:51'),(163,163,6,'\nfd','pending','2018-03-24 15:53:51','2018-03-24 18:53:51'),(164,164,6,'\nf','pending','2018-03-24 15:53:52','2018-03-24 18:53:52'),(165,165,6,'\nfds','pending','2018-03-24 15:53:52','2018-03-24 18:53:52'),(166,166,6,'\nds','pending','2018-03-24 15:53:52','2018-03-24 18:53:52'),(167,167,6,'\nf','pending','2018-03-24 15:53:52','2018-03-24 18:53:52'),(168,168,6,'\nfd','pending','2018-03-24 15:53:52','2018-03-24 18:53:52'),(169,169,6,'\nd','pending','2018-03-24 15:53:59','2018-03-24 18:53:59'),(170,171,6,'\nf','pending','2018-03-24 15:53:59','2018-03-24 18:53:59'),(171,170,6,'\ndf','pending','2018-03-24 15:53:59','2018-03-24 18:53:59'),(172,173,6,'\nd','done','2018-03-24 15:53:59','2018-03-24 18:53:59'),(173,175,6,'\nf','done','2018-03-24 15:54:00','2018-03-24 18:54:00'),(174,172,6,'\ndf','pending','2018-03-24 15:54:00','2018-03-24 18:54:00'),(175,178,6,'\n','pending','2018-03-24 15:54:00','2018-03-24 18:54:00'),(176,179,6,'\n','pending','2018-03-24 15:54:00','2018-03-24 18:54:00'),(177,180,6,'\nwe','done','2018-03-24 15:54:00','2018-03-24 18:54:00'),(178,181,6,'\nre','done','2018-03-24 15:54:00','2018-03-24 18:54:00'),(179,182,6,'\nre','','2018-03-24 15:54:01','2018-03-24 18:54:01'),(180,175,6,'\nrw','done','2018-03-24 15:54:01','2018-03-24 18:54:01'),(181,177,6,'\nr','done','2018-03-24 15:54:01','2018-03-24 18:54:01'),(182,182,5,'[][][][]]]]]','pending','2018-03-24 15:54:02','2018-03-24 18:54:02'),(183,183,5,'3231231','pending','2018-03-24 15:54:11','2018-03-24 18:54:11'),(184,184,6,'42245','postpone','2018-03-24 16:05:17','2018-03-24 19:05:17'),(185,185,6,'','UI','2018-03-24 16:08:48','2018-03-24 19:08:48'),(186,186,6,'ﺭ✔ﺭSyephen','postpone','2018-03-24 16:09:32','2018-03-24 19:09:32'),(187,187,6,'666','','2018-03-24 16:10:21','2018-03-24 19:10:21'),(188,188,6,'33','','2018-03-24 16:10:45','2018-03-24 19:10:45'),(189,28,2,'1.分页','done','2018-03-24 16:13:57','2018-03-24 19:13:57'),(190,27,2,'移动端，完成能改','done','2018-03-24 16:14:10','2018-03-24 19:14:10'),(191,196,1,'123','done','2018-03-24 16:15:53','2018-03-24 19:15:53'),(192,193,6,'12255','done','2018-03-24 16:17:45','2018-03-24 19:17:45'),(193,192,6,'123223','done','2018-03-24 16:18:16','2018-03-24 19:18:16'),(194,194,6,'Yyyy','done','2018-03-24 16:18:25','2018-03-24 19:18:25'),(195,195,1,'32\\\\','done','2018-03-24 16:21:10','2018-03-24 19:21:10'),(196,198,1,'34','UI','2018-03-24 16:21:12','2018-03-24 19:21:12'),(197,19,1,'234','done','2018-03-24 16:21:14','2018-03-24 19:21:14'),(198,194,1,'43','done','2018-03-24 16:21:14','2018-03-24 19:21:14'),(199,199,2,'去掉换绑','done','2018-03-27 11:04:40','2018-03-27 14:04:40'),(200,207,1,'we','pending','2018-04-09 14:02:13','2018-04-09 17:02:13'),(201,209,1,'adsfw','pending','2018-04-09 14:02:35','2018-04-09 17:02:35'),(202,201,1,'x','done','2018-04-09 14:02:54','2018-04-09 17:02:54'),(203,203,1,'gh','pending','2018-04-09 14:03:00','2018-04-09 17:03:00'),(204,201,1,'212312313','pending','2018-04-20 17:42:40','2018-04-20 20:42:40'),(205,204,1,'3','pending','2018-04-20 17:42:40','2018-04-20 20:42:40'),(206,205,1,'3','pending','2018-04-20 17:42:41','2018-04-20 20:42:41'),(207,211,1,'广东省分公司电饭锅','pending','2018-04-23 16:01:16','2018-04-23 19:01:16'),(208,210,1,'dsf','pending','2018-04-23 16:01:17','2018-04-23 19:01:17'),(209,202,1,'是的发个是的发个','pending','2018-04-23 16:01:19','2018-04-23 19:01:19'),(210,208,1,'是的发个是的发个','pending','2018-04-23 16:01:21','2018-04-23 19:01:21'),(211,214,1,'水电费','pending','2018-04-23 16:01:23','2018-04-23 19:01:23'),(212,213,1,'dfe','pending','2018-04-23 16:01:25','2018-04-23 19:01:25'),(213,216,1,'ER ','done','2018-04-23 16:01:26','2018-04-23 19:01:26'),(214,206,1,'是的发个','pending','2018-04-23 16:01:30','2018-04-23 19:01:30'),(215,212,1,'是梵蒂冈','pending','2018-04-23 16:01:35','2018-04-23 19:01:35'),(216,216,1,'问废弃王妃却无法之前我','done','2018-04-25 14:36:11','2018-04-25 17:36:11'),(217,216,1,'输入v咋vv饿','done','2018-04-25 14:36:39','2018-04-25 17:36:39'),(218,216,1,'123','done','2018-06-05 17:19:45','2018-06-05 20:19:45'),(219,215,1,'123','pending','2018-11-06 11:36:50','2018-11-06 14:36:50');
/*!40000 ALTER TABLE `todo` ENABLE KEYS */;
UNLOCK TABLES;

--
-- Table structure for table `user`
--

DROP TABLE IF EXISTS `user`;
/*!40101 SET @saved_cs_client     = @@character_set_client */;
/*!40101 SET character_set_client = utf8 */;
CREATE TABLE `user` (
  `id` int(11) NOT NULL AUTO_INCREMENT,
  `name` varchar(46) COLLATE utf8_bin NOT NULL,
  `password` varchar(46) COLLATE utf8_bin NOT NULL,
  PRIMARY KEY (`id`)
) ENGINE=InnoDB AUTO_INCREMENT=8 DEFAULT CHARSET=utf8 COLLATE=utf8_bin;
/*!40101 SET character_set_client = @saved_cs_client */;

--
-- Dumping data for table `user`
--

LOCK TABLES `user` WRITE;
/*!40000 ALTER TABLE `user` DISABLE KEYS */;
INSERT INTO `user` VALUES (1,'guest','guest'),(2,'leo','leo@solo'),(3,'jack','jack'),(4,'magic','magic'),(5,'black','black'),(6,'syephen','syephen'),(7,'jenny','jenny');
/*!40000 ALTER TABLE `user` ENABLE KEYS */;
UNLOCK TABLES;
/*!40103 SET TIME_ZONE=@OLD_TIME_ZONE */;

/*!40101 SET SQL_MODE=@OLD_SQL_MODE */;
/*!40014 SET FOREIGN_KEY_CHECKS=@OLD_FOREIGN_KEY_CHECKS */;
/*!40014 SET UNIQUE_CHECKS=@OLD_UNIQUE_CHECKS */;
/*!40101 SET CHARACTER_SET_CLIENT=@OLD_CHARACTER_SET_CLIENT */;
/*!40101 SET CHARACTER_SET_RESULTS=@OLD_CHARACTER_SET_RESULTS */;
/*!40101 SET COLLATION_CONNECTION=@OLD_COLLATION_CONNECTION */;
/*!40111 SET SQL_NOTES=@OLD_SQL_NOTES */;

-- Dump completed on 2018-11-26 17:49:00
